{
    "Backgrounds": {
        "Green": 0.06254203093476798,
        "Grey": 0.06153328850033625,
        "Shine gold": 0.06825823806321453,
        "Orange": 0.06859448554135844,
        "Pink": 0.05985205110961668,
        "Hippie": 0.06321452589105582,
        "Red": 0.06489576328177539,
        "Yellow": 0.06489576328177539,
        "Black": 0.07094821788836583,
        "Blue": 0.07464694014794888,
        "Shine black": 0.08103564223268325,
        "Galaxy blue": 0.06691324815063887,
        "Purple": 0.06455951580363148,
        "Blue stars": 0.06926698049764626,
        "Galaxy purple": 0.05884330867518493
    },
    "Fur": {
        "White black leopard": 0.01109616677874916,
        "Red fur": 0.05648957632817754,
        "Black fur": 0.06220578345662407,
        "Base brown fur": 0.13685272360457296,
        "Blue fur": 0.01983860121049092,
        "Leopard": 0.05480833893745797,
        "Diamond fur": 0.03328850033624748,
        "Galaxy fur": 0.03295225285810356,
        "Light grey fur": 0.015803631472763955,
        "Robot": 0.010423671822461332,
        "Light green fur": 0.06455951580363148,
        "Tattoo fur": 0.03295225285810356,
        "Black Leopard": 0.05581708137188971,
        "Albino": 0.009751176866173503,
        "Dark grey fur": 0.01882985877605918,
        "White tiger fur": 0.05144586415601883,
        "Yellow fur": 0.06254203093476798,
        "Rainbow fur": 0.02824478816408877,
        "Metallic silver fur": 0.03328850033624748,
        "Gold fur": 0.0070611970410221925,
        "Royal blue fur": 0.04270342972427707,
        "Dark brown fur": 0.04303967720242098,
        "White fur": 0.0484196368527236,
        "Grey fur": 0.04572965702757229,
        "Metallic gold fur": 0.021856086079354405
    },
    "Eyes": {
        "Not interested eyes": 0.030598520511096166,
        "Bloodshot Eyes": 0.11129791526563551,
        "ETH Eyes": 0.030598520511096166,
        "Diamond": 0.05211835911230666,
        "Closed eyes": 0.11197041022192333,
        "Ruby eyes": 0.06724949562878278,
        "Laser Container": 0.00773369199731002,
        "Galaxy": 0.06153328850033625,
        "Emerald": 0.02757229320780094,
        "Laser Beam": 0.009751176866173503,
        "Purple Lightning Lasers": 0.008742434431741762,
        "Yellow Lightning Lasers": 0.009751176866173503,
        "Slope Shredders": 0.003026227303295225,
        "None": 0.0010087424344317419,
        "Blue Lightning Lasers": 0.0026899798251513113,
        "Green Lasers": 0.028917283120376596,
        "Glowing Eyes": 0.09145931405514458,
        "Blue Lasers": 0.02151983860121049,
        "Red Lasers": 0.019502353732347006,
        "Base eyes": 0.20813718897108271,
        "Bitcoin laser": 0.0410221923335575,
        "White Lightning Lasers": 0.018493611297915265,
        "Smaragd eyes": 0.04135843981170141
    },
    "Clothes": {
        "Jumpsuit": 0.005043712172158709,
        "Black turtleneck": 0.05917955615332885,
        "Ape squad white": 0.06590450571620712,
        "Weed shirt": 0.03295225285810356,
        "White turtleneck": 0.06691324815063887,
        "Ape jersey": 0.0796906523201076,
        "White tank top": 0.07397444519166106,
        "Mining overalls": 0.014122394082044385,
        "Black tank top": 0.0773369199731002,
        "Hockey Jersey": 0.007397444519166106,
        "Bath robe": 0.06119704102219233,
        "Yellow unbuttoned shirt": 0.07700067249495629,
        "Spike jacket": 0.03530598520511096,
        "Black hoodie": 0.06388702084734364,
        "Mithril shirt": 0.03530598520511096,
        "White unbuttoned shirt": 0.07128446536650974,
        "Tuxedo": 0.06960322797579019,
        "Strapped": 0.003698722259583053,
        "Ripped flannel": 0.0033624747814391394,
        "African": 0.05783456624075319,
        "Kimono": 0.030598520511096166,
        "Hoodie with hood up": 0.0020174848688634837,
        "None": 0.004371217215870881,
        "Mining Overalls": 0.0013449899125756557,
        "Ninja": 0.0006724949562878278
    },
    "Mouth": {
        "Toothpick": 0.04673839946200403,
        "Green Puke": 0.008742434431741762,
        "Blowing Smoke Rings": 0.03026227303295225,
        "Gold teeth": 0.03564223268325487,
        "Grumpy mouth": 0.014458641560188298,
        "Wooden pipe": 0.026899798251513115,
        "Rainbow Puke": 0.027908540685944856,
        "Wut": 0.025554808338937456,
        "Grinding teeth": 0.06388702084734364,
        "Bored mouth": 0.05884330867518493,
        "Red bandana": 0.003698722259583053,
        "Smirk no teeth": 0.05716207128446537,
        "Diamond yelling with fangs": 0.015803631472763955,
        "Blue bandana": 0.00773369199731002,
        "Hmm mouth": 0.0675857431069267,
        "Cross joint": 0.04337592468056489,
        "Cigar": 0.04438466711499664,
        "Yelling with fangs": 0.06287827841291191,
        "Gold yelling with fangs": 0.03429724277067922,
        "Rainbow teeth": 0.03127101546738399,
        "Joint": 0.03900470746469401,
        "Smirk with teeth": 0.06321452589105582,
        "Gas mask": 0.0010087424344317419,
        "Diamond teeth": 0.02992602555480834,
        "Gold Puke": 0.022864828513786146,
        "Silver teeth": 0.030598520511096166,
        "Base mouth": 0.1062542030934768
    },
    "Chains": {
        "None": 0.8940820443846671,
        "Double rope chain": 0.03362474781439139,
        "Double rope gold chain": 0.02824478816408877,
        "Silver iron rope chain": 0.014794889038332213,
        "Silver ETH": 0.014458641560188298,
        "Gold ETH": 0.01378614660390047,
        "Loose Bandana": 0.0010087424344317419
    },
    "Earrings": {
        "Earring": 0.17854741089441828,
        "None": 0.08271687962340282
    },
    "Sunglasses": {
        "$VARIABLE Locators": 0.005043712172158709,
        "VR Headset": 0.03295225285810356,
        "Round shades": 0.026227303295225286,
        "None": 0.6355077336919973,
        "Aviators": 0.008742434431741762,
        "Slope shades": 0.03295225285810356,
        "3D Glasses": 0.06254203093476798,
        "Reading Glasses": 0.1284465366509751,
        "Slope Shredders": 0.004371217215870881,
        "Rayban": 0.06321452589105582
    },
    "Head": {
        "Angel halo": 0.009751176866173503,
        "None": 0.9088769334229994,
        "Lightning": 0.011432414256893073,
        "Skull bandana": 0.004707464694014795,
        "Gold cap": 0.0020174848688634837,
        "Headlight": 0.0020174848688634837,
        "Mining helmet": 0.0010087424344317419,
        "DNA Bandana": 0.008742434431741762,
        "Black beats": 0.0023537323470073975,
        "Captain hat": 0.0020174848688634837,
        "Black cap": 0.003698722259583053,
        "Cesar gold": 0.0016812373907195697,
        "White headband": 0.0020174848688634837,
        "Black beanie": 0.003698722259583053,
        "Facial Scar": 0.005379959650302623,
        "White airpods": 0.0006724949562878278,
        "Red  Headband": 0.0033624747814391394,
        "Mining headlight": 0.0020174848688634837,
        "White Beats": 0.0023537323470073975,
        "ETH silver cap": 0.0033624747814391394,
        "White beanie": 0.0023537323470073975,
        "Black captain hat": 0.0020174848688634837,
        "Black airpods": 0.0010087424344317419,
        "Russian Hat": 0.0033624747814391394,
        "Cesar green": 0.0013449899125756557,
        "Crown": 0.0010087424344317419,
        "Phantom": 0.008742434431741762
    }
}